#SampleID	BarcodeSequence	species	region	shelf	time	Description	sample_type
sardine_capbreton_break_day_K21.10	CGATAGGCCTTA	sardine	capbreton	break	day	K21.10	break
sardine_capbreton_break_day_K27.10	AGGGTGACTTTA	sardine	capbreton	break	day	K27.10	break
sardine_capbreton_break_day_K29	GCCGTCTCGTAA	sardine	capbreton	break	day	K29	break
sardine_capbreton_break_day_K30.10	GTGTTCCCAGAA	sardine	capbreton	break	day	K30.10	break
sardine_capbreton_break_day_K32.10	AGATGATCAGTC	sardine	capbreton	break	day	K32.10	break
sardine_capbreton_break_day_K33.10	AATGACCTCGTG	sardine	capbreton	break	day	K33.10	break
sardine_capbreton_break_day_K35.10	ACAGCTCAAACA	sardine	capbreton	break	day	K35.10	break
sardine_capbreton_break_day_K37.10	ACCTTACACCTT	sardine	capbreton	break	day	K37.10	break
sardine_capbreton_break_day_K39.10	CCAGACCGCTAT	sardine	capbreton	break	day	K39.10	break
sardine_capbreton_break_day_K40.10	GACTTCATGCGA	sardine	capbreton	break	day	K40.10	break
sardine_capbreton_break_day_K44.10	TGGTTGGTTACG	sardine	capbreton	break	day	K44.10	break
sardine_capbreton_break_day_K45.10	CCGAGGTATAAT	sardine	capbreton	break	day	K45.10	break
sardine_capbreton_break_day_K49.10	CTTAGGCATGTG	sardine	capbreton	break	day	K49.10	break
sardine_capbreton_break_day_K50.10	GAGCGTATCCAT	sardine	capbreton	break	day	K50.10	break
sardine_capbreton_break_day_K51.10	GTAGGTGCTTAC	sardine	capbreton	break	day	K51.10	break
sardine_capbreton_break_day_K52.10	AGCTCTAGAAAC	sardine	capbreton	break	day	K52.10	break
sardine_capbreton_break_day_K21.10.1	GTCACATCACGA	sardine	capbreton	break	day	K21.10.1	break
sardine_capbreton_break_day_K22.10.1	CTATGCCGGCTA	sardine	capbreton	break	day	K22.10.1	break
sardine_capbreton_break_day_K23.10.1	ACGTGGTTCCAC	sardine	capbreton	break	day	K23.10.1	break
sardine_capbreton_break_day_K27.10.1	TAGTGTCGGATC	sardine	capbreton	break	day	K27.10.1	break
sardine_capbreton_break_day_K29.1	TTCCAGGCAGAT	sardine	capbreton	break	day	K29.1	break
sardine_capbreton_break_day_K30.10.1	TCGACCAAACAC	sardine	capbreton	break	day	K30.10.1	break
sardine_capbreton_break_day_K32.10.1	CCTGCTTCCTTC	sardine	capbreton	break	day	K32.10.1	break
sardine_capbreton_break_day_K33.10.1	CGACATTTCTCT	sardine	capbreton	break	day	K33.10.1	break
sardine_capbreton_break_day_K35.10.1	GTGGTATGGGAG	sardine	capbreton	break	day	K35.10.1	break
sardine_capbreton_break_day_K37.10.1	ACAGGGTTTGTA	sardine	capbreton	break	day	K37.10.1	break
sardine_capbreton_break_day_K39.10.1	GAACAGCTCTAC	sardine	capbreton	break	day	K39.10.1	break
sardine_capbreton_break_day_K40.10.1	CTGAGCTCTGCA	sardine	capbreton	break	day	K40.10.1	break
sardine_capbreton_break_day_K44.10.1	CGAGGTTCTGAT	sardine	capbreton	break	day	K44.10.1	break
sardine_capbreton_break_day_K45.10.1	CCACCCAGTAAC	sardine	capbreton	break	day	K45.10.1	break
sardine_capbreton_break_day_K46.10.1	CAAGGCACAAGG	sardine	capbreton	break	day	K46.10.1	break
sardine_capbreton_break_day_K49.10.1	GGACGTTAACTA	sardine	capbreton	break	day	K49.10.1	break
sardine_capbreton_break_day_K50.10.1	TGTACCAACCGA	sardine	capbreton	break	day	K50.10.1	break
sardine_capbreton_break_day_K51.10.1	GCCTATGAGATC	sardine	capbreton	break	day	K51.10.1	break
sardine_capbreton_break_day_K52.10.1	GTGAGTCATACC	sardine	capbreton	break	day	K52.10.1	break
sprat_gironde_inner_night_H43.10	CGCCATTGTGCA	sprat	gironde	inner	night	H43.10	sprat
sprat_gironde_inner_night_H46.10	AGGCACAGTAGG	sprat	gironde	inner	night	H46.10	sprat
sprat_gironde_inner_night_H56.10	GCAACCGATTGT	sprat	gironde	inner	night	H56.10	sprat
sprat_gironde_inner_night_H62	AAGACAGCTATC	sprat	gironde	inner	night	H62	sprat
sprat_gironde_inner_day_H86	GGAATCCGATTA	sprat	gironde	inner	day	H86	sprat
sprat_gironde_inner_day_I12.10	GGAATTATCGGT	sprat	gironde	inner	day	I12.10	sprat
sprat_gironde_inner_day_I13.10	CTCTCTCACTTG	sprat	gironde	inner	day	I13.10	sprat
sprat_gironde_inner_day_I14.10	TAAGGCATCGCT	sprat	gironde	inner	day	I14.10	sprat
sprat_gironde_inner_day_I17.10	TATCCAAGCGCA	sprat	gironde	inner	day	I17.10	sprat
sprat_gironde_inner_day_I19.10	CTGTGTCCATGG	sprat	gironde	inner	day	I19.10	sprat
sprat_gironde_inner_day_I2.10	ACCAATCTCGGC	sprat	gironde	inner	day	I2.10	sprat
sprat_gironde_inner_day_I23	AGACAGTAGGAG	sprat	gironde	inner	day	I23	sprat
sprat_gironde_inner_day_I24.10	CTAGCTATGGAC	sprat	gironde	inner	day	I24.10	sprat
sprat_gironde_inner_day_I25.10	AACCGATGTACC	sprat	gironde	inner	day	I25.10	sprat
sprat_gironde_inner_day_I26.10	CGATCGAACACT	sprat	gironde	inner	day	I26.10	sprat
sprat_gironde_inner_day_I27.10	CATCAAGCATAG	sprat	gironde	inner	day	I27.10	sprat
sprat_gironde_inner_day_I28.10	ATTGCAAGCAAC	sprat	gironde	inner	day	I28.10	sprat
sprat_gironde_inner_day_I29.10	ACCCATACAGCC	sprat	gironde	inner	day	I29.10	sprat
sprat_gironde_inner_day_I3.10	CGGAGTAATCCT	sprat	gironde	inner	day	I3.10	sprat
sprat_gironde_inner_day_I30.10	GTACTGAAGATC	sprat	gironde	inner	day	I30.10	sprat
sprat_gironde_inner_day_I33.10	CTTCGCGGATGT	sprat	gironde	inner	day	I33.10	sprat
sprat_gironde_inner_day_I36.10	CTTGACGAGGTT	sprat	gironde	inner	day	I36.10	sprat
sprat_gironde_inner_day_I37.10	TCGATTGGCCGT	sprat	gironde	inner	day	I37.10	sprat
sprat_gironde_inner_day_I38.10	GAGTACAGTCTA	sprat	gironde	inner	day	I38.10	sprat
sprat_gironde_inner_day_I39.10	CATCGCGTTGAC	sprat	gironde	inner	day	I39.10	sprat
sprat_gironde_inner_day_I40.10	CACGTGACATGT	sprat	gironde	inner	day	I40.10	sprat
sprat_gironde_inner_day_I41.10	CGCACTACGCAT	sprat	gironde	inner	day	I41.10	sprat
sprat_gironde_inner_day_I42.10	AACTGCGATATG	sprat	gironde	inner	day	I42.10	sprat
sprat_gironde_inner_day_I44.10	ATAGGCTGTAGT	sprat	gironde	inner	day	I44.10	sprat
sprat_gironde_inner_day_I46.10	GCATTACTGGAC	sprat	gironde	inner	day	I46.10	sprat
sprat_gironde_inner_day_I47	AGCTGCACCTAA	sprat	gironde	inner	day	I47	sprat
sprat_gironde_inner_day_I5.10	GCTGTGATTCGA	sprat	gironde	inner	day	I5.10	sprat
sprat_gironde_inner_day_I6.10	TTGGTAAAGTGC	sprat	gironde	inner	day	I6.10	sprat
sprat_gironde_inner_day_I8.10	GTTCACGCCCAA	sprat	gironde	inner	day	I8.10	sprat
sprat_gironde_inner_night_H42.10.1	CACTAACAAACG	sprat	gironde	inner	night	H42.10.1	sprat
sprat_gironde_inner_night_H43.10.1	TTGACGACATCG	sprat	gironde	inner	night	H43.10.1	sprat
sprat_gironde_inner_night_H62.1	CCTCGATGCAGT	sprat	gironde	inner	night	H62.1	sprat
sprat_gironde_inner_day_H86.1	ACGCACATACAA	sprat	gironde	inner	day	H86.1	sprat
sprat_gironde_inner_day_I23.1	CAAAGTTTGCGA	sprat	gironde	inner	day	I23.1	sprat
sprat_gironde_inner_day_I47.1	CGAAGCATCTAC	sprat	gironde	inner	day	I47.1	sprat
