#SampleID	BarcodeSequence	salinity	depth	date	city	season	weather	quarter
barakaldo_surface_2014-08-28	TGACAACCGAAT	33	surface	2014-08-28	barakaldo	summer	warm	3
barakaldo_surface_2014-10-01	ACACCTGCGATC	33	surface	2014-10-01	barakaldo	autumn	warm	4
barakaldo_surface_2014-10-28	CTTTCGTTCAAC	33	surface	2014-10-28	barakaldo	autumn	cold	4
barakaldo_surface_2014-11-27	GCACCTGTTGAA	33	surface	2014-11-27	barakaldo	autumn	cold	4
barakaldo_surface_2014-12-27	TAGAGGCGTAGG	33	surface	2014-12-27	barakaldo	winter	cold	4
bilbao_surface_2014-08-28	CTACCACGGTAC	30	surface	2014-08-28	bilbao	autumn	warm	3
bilbao_surface_2014-10-01	TAGGCTCGTGCT	30	surface	2014-10-01	bilbao	autumn	warm	4
bilbao_surface_2014-10-28	GGCGTTGCATTC	30	surface	2014-10-28	bilbao	autumn	cold	4
bilbao_surface_2014-11-27	CCGAAGATTCTG	30	surface	2014-11-27	bilbao	autumn	cold	4
bilbao_surface_2014-12-27	CCTAGAGAAACT	30	surface	2014-12-27	bilbao	winter	cold	4
